<?xml version="1.0" encoding="utf-8"?>
<extension version="1.6" type="plugin" group="search" method="upgrade">
<name>Search - Ignite Gallery 3.2</name>
<author>Matthew Thomson</author>
<creationDate>June 2011</creationDate>
<license>http://www.gnu.org/licenses/gpl-2.0.html GNU/GPL</license>
<version>3.2</version>

<files>
	<filename plugin="igallery">igallery.php</filename>
</files>

<config>
	<fields name="params">
		<fieldset name="basic">
			<field name="search_limit" type="text" default="50" label="Search Limit" size="5" />
		</fieldset>
	</fields>
</config>

</extension>