<?xml version="1.0" encoding="iso-8859-1"?>
<mosinstall type="module" version="1.0.0">
	<name>YOOgallery</name>
	<author>YOOtheme</author>
	<creationDate>July 2008</creationDate>
	<copyright>Copyright (C) 2007 - 2008 YOOtheme Ltd. &amp; Co. KG</copyright>
	<license>http://www.gnu.org/copyleft/gpl.html GNU/GPL</license>
	<authorEmail>info@yootheme.com</authorEmail>
	<authorUrl>http://www.yootheme.com</authorUrl>
	<version>1.0.3</version>
	<description>YOOgallery module of the YOOtheme club (http://www.yootheme.com) for Joomla! 1.0. Requires mootools 1.1</description>
	<files>
		<filename module="mod_yoo_gallery">mod_yoo_gallery.php</filename>
		<filename>mod_yoo_gallery/changelog.php</filename>
		<filename>mod_yoo_gallery/index.html</filename>
		<filename>mod_yoo_gallery/yoo_gallery/gallery.css.php</filename>
		<filename>mod_yoo_gallery/yoo_gallery/gallery.js</filename>
		<filename>mod_yoo_gallery/yoo_gallery/gallery.php</filename>
		<filename>mod_yoo_gallery/yoo_gallery/index.html</filename>
		<filename>mod_yoo_gallery/yoo_gallery/lib/index.html</filename>
		<filename>mod_yoo_gallery/yoo_gallery/lib/lightbox/css/closelabel.gif</filename>
		<filename>mod_yoo_gallery/yoo_gallery/lib/lightbox/css/index.html</filename>
		<filename>mod_yoo_gallery/yoo_gallery/lib/lightbox/css/loading.gif</filename>
		<filename>mod_yoo_gallery/yoo_gallery/lib/lightbox/css/nextlabel.gif</filename>
		<filename>mod_yoo_gallery/yoo_gallery/lib/lightbox/css/prevlabel.gif</filename>
		<filename>mod_yoo_gallery/yoo_gallery/lib/lightbox/css/slimbox.css</filename>
		<filename>mod_yoo_gallery/yoo_gallery/lib/lightbox/index.html</filename>
		<filename>mod_yoo_gallery/yoo_gallery/lib/lightbox/slimbox.js</filename>
		<filename>mod_yoo_gallery/yoo_gallery/lib/lightbox/slimbox_packed.js</filename>
		<filename>mod_yoo_gallery/yoo_gallery/lib/slideshow/images/index.html</filename>
		<filename>mod_yoo_gallery/yoo_gallery/lib/slideshow/images/loading.gif</filename>
		<filename>mod_yoo_gallery/yoo_gallery/lib/slideshow/index.html</filename>
		<filename>mod_yoo_gallery/yoo_gallery/lib/slideshow/slideshow.css</filename>
		<filename>mod_yoo_gallery/yoo_gallery/lib/slideshow/slideshow.js</filename>
		<filename>mod_yoo_gallery/yoo_gallery/lib/slideshow/slideshow_packed.js</filename>
		<filename>mod_yoo_gallery/yoo_gallery/lib/thumbnail.php</filename>
		<filename>mod_yoo_gallery/yoo_gallery/styles/ie6hacks.css</filename>
		<filename>mod_yoo_gallery/yoo_gallery/styles/index.html</filename>
		<filename>mod_yoo_gallery/yoo_gallery/styles/style.css</filename>
		<filename>mod_yoo_gallery/yoo_gallery/styles/thumbnail_cut/black/ie6hacks.css</filename>
		<filename>mod_yoo_gallery/yoo_gallery/styles/thumbnail_cut/black/images/corner_bl_ie6.png</filename>
		<filename>mod_yoo_gallery/yoo_gallery/styles/thumbnail_cut/black/images/corner_br_ie6.png</filename>
		<filename>mod_yoo_gallery/yoo_gallery/styles/thumbnail_cut/black/images/corner_tl_ie6.png</filename>
		<filename>mod_yoo_gallery/yoo_gallery/styles/thumbnail_cut/black/images/corner_tr_ie6.png</filename>
		<filename>mod_yoo_gallery/yoo_gallery/styles/thumbnail_cut/black/images/corners.png</filename>
		<filename>mod_yoo_gallery/yoo_gallery/styles/thumbnail_cut/black/images/index.html</filename>
		<filename>mod_yoo_gallery/yoo_gallery/styles/thumbnail_cut/black/index.html</filename>
		<filename>mod_yoo_gallery/yoo_gallery/styles/thumbnail_cut/black/style.css</filename>
		<filename>mod_yoo_gallery/yoo_gallery/styles/thumbnail_cut/ie6hacks.css</filename>
		<filename>mod_yoo_gallery/yoo_gallery/styles/thumbnail_cut/images/corner_bl_ie6.png</filename>
		<filename>mod_yoo_gallery/yoo_gallery/styles/thumbnail_cut/images/corner_br_ie6.png</filename>
		<filename>mod_yoo_gallery/yoo_gallery/styles/thumbnail_cut/images/corner_tl_ie6.png</filename>
		<filename>mod_yoo_gallery/yoo_gallery/styles/thumbnail_cut/images/corner_tr_ie6.png</filename>
		<filename>mod_yoo_gallery/yoo_gallery/styles/thumbnail_cut/images/corners.png</filename>
		<filename>mod_yoo_gallery/yoo_gallery/styles/thumbnail_cut/images/index.html</filename>
		<filename>mod_yoo_gallery/yoo_gallery/styles/thumbnail_cut/index.html</filename>
		<filename>mod_yoo_gallery/yoo_gallery/styles/thumbnail_cut/style.css</filename>
		<filename>mod_yoo_gallery/yoo_gallery/styles/thumbnail_default/black/index.html</filename>
		<filename>mod_yoo_gallery/yoo_gallery/styles/thumbnail_default/black/style.css</filename>
		<filename>mod_yoo_gallery/yoo_gallery/styles/thumbnail_default/index.html</filename>
		<filename>mod_yoo_gallery/yoo_gallery/styles/thumbnail_default/style.css</filename>
		<filename>mod_yoo_gallery/yoo_gallery/styles/thumbnail_plain/style.css</filename>
		<filename>mod_yoo_gallery/yoo_gallery/styles/thumbnail_polaroid/images/index.html</filename>
		<filename>mod_yoo_gallery/yoo_gallery/styles/thumbnail_polaroid/images/polaroid_l.png</filename>
		<filename>mod_yoo_gallery/yoo_gallery/styles/thumbnail_polaroid/images/polaroid_m.png</filename>
		<filename>mod_yoo_gallery/yoo_gallery/styles/thumbnail_polaroid/images/polaroid_r.png</filename>
		<filename>mod_yoo_gallery/yoo_gallery/styles/thumbnail_polaroid/images/tape.png</filename>
		<filename>mod_yoo_gallery/yoo_gallery/styles/thumbnail_polaroid/index.html</filename>
		<filename>mod_yoo_gallery/yoo_gallery/styles/thumbnail_polaroid/style.css</filename>
		<filename>mod_yoo_gallery/yoo_gallery/styles/thumbnail_rounded/black/ie6hacks.css</filename>
		<filename>mod_yoo_gallery/yoo_gallery/styles/thumbnail_rounded/black/images/corner_bl_ie6.png</filename>
		<filename>mod_yoo_gallery/yoo_gallery/styles/thumbnail_rounded/black/images/corner_br_ie6.png</filename>
		<filename>mod_yoo_gallery/yoo_gallery/styles/thumbnail_rounded/black/images/corner_tl_ie6.png</filename>
		<filename>mod_yoo_gallery/yoo_gallery/styles/thumbnail_rounded/black/images/corner_tr_ie6.png</filename>
		<filename>mod_yoo_gallery/yoo_gallery/styles/thumbnail_rounded/black/images/corners.png</filename>
		<filename>mod_yoo_gallery/yoo_gallery/styles/thumbnail_rounded/black/images/index.html</filename>
		<filename>mod_yoo_gallery/yoo_gallery/styles/thumbnail_rounded/black/index.html</filename>
		<filename>mod_yoo_gallery/yoo_gallery/styles/thumbnail_rounded/black/style.css</filename>
		<filename>mod_yoo_gallery/yoo_gallery/styles/thumbnail_rounded/ie6hacks.css</filename>
		<filename>mod_yoo_gallery/yoo_gallery/styles/thumbnail_rounded/images/corner_bl_ie6.png</filename>
		<filename>mod_yoo_gallery/yoo_gallery/styles/thumbnail_rounded/images/corner_br_ie6.png</filename>
		<filename>mod_yoo_gallery/yoo_gallery/styles/thumbnail_rounded/images/corner_tl_ie6.png</filename>
		<filename>mod_yoo_gallery/yoo_gallery/styles/thumbnail_rounded/images/corner_tr_ie6.png</filename>
		<filename>mod_yoo_gallery/yoo_gallery/styles/thumbnail_rounded/images/corners.png</filename>
		<filename>mod_yoo_gallery/yoo_gallery/styles/thumbnail_rounded/images/index.html</filename>
		<filename>mod_yoo_gallery/yoo_gallery/styles/thumbnail_rounded/index.html</filename>
		<filename>mod_yoo_gallery/yoo_gallery/styles/thumbnail_rounded/style.css</filename>
		<filename>mod_yoo_gallery/yoo_gallery/tmpl/_thumbnail_cut.php</filename>
		<filename>mod_yoo_gallery/yoo_gallery/tmpl/_thumbnail_default.php</filename>
		<filename>mod_yoo_gallery/yoo_gallery/tmpl/_thumbnail_plain.php</filename>
		<filename>mod_yoo_gallery/yoo_gallery/tmpl/_thumbnail_polaroid.php</filename>
		<filename>mod_yoo_gallery/yoo_gallery/tmpl/_thumbnail_rounded.php</filename>
		<filename>mod_yoo_gallery/yoo_gallery/tmpl/index.html</filename>
		<filename>mod_yoo_gallery/yoo_gallery/tmpl/lightbox.php</filename>
		<filename>mod_yoo_gallery/yoo_gallery/tmpl/slideshow.php</filename>		
	</files>
	<params>
		<param name="src" type="text" default="/images/stories/fruit/" label="Source Directory" description="Image source directory as relative path to the Joomla directory" />
		<param name="style" type="list" default="lightbox" label="Style" description="The YOOgallery style">
			<option value="lightbox">Lightbox</option>
			<option value="slideshow">Slideshow</option>
		</param>
		<param name="effect" type="list" default="fade" label="Slideshow Transition" description="Set the image transition effect (only for slideshow style)">
			<option value="fade">Fade</option>
			<option value="wipe">Wipe</option>
			<option value="slide">Slide</option>
			<option value="random">Random</option>
		</param>
		<param name="thumb" type="list" default="default" label="Thumbnail Style" description="The thumbnail style">
			<option value="default">Default</option>
			<option value="polaroid">Polaroid</option>
			<option value="rounded">Rounded</option>
			<option value="cut">Cut</option>
			<option value="plain">Plain</option>
		</param>
		<param name="order" type="list" default="asc" label="Thumbnail Ordering" description="The thumbnail ordering">
			<option value="asc">Ascending</option>
			<option value="desc">Descending</option>
			<option value="random">Random</option>
		</param>
		<param name="spotlight" type="radio" default="0" label="Thumbnail Spotlight" description="Thumbnail opacity will change on mouse hover">
			<option value="0">No</option>
			<option value="1">Yes</option>
		</param>		
		<param name="width" type="text" default="100" label="Thumbnail Width (px)" description="Default thumbnail width in pixel (set to 0 to auto-calculate width)" />
		<param name="height" type="text" default="0" label="Thumbnail Height (px)" description="Default thumbnail height in pixel (set to 0 to auto-calculate height)" />
		<param name="resize" type="radio" default="1" label="Thumbnail Resizing" description="If set the source image width/height are resized to match the thumbnail width/height">
			<option value="0">No</option>
			<option value="1">Yes</option>
		</param>
		<param name="count" type="text" default="0" label="Thumbnail Count" description="Limit the number of thumbnails to show, set it to 0 to show all thumbnails" />				
		<param name="title" type="text" default="" label="Thumbnail Title" description="Thumbnail title will be used as default description in lightbox, instead of the filename" />
		<param name="prefix" type="text" default="thumb_" label="Thumbnail File Prefix" description="Default thumbnail file prefix" />
		<param name="thumb_cache_dir" type="text" default="thumbs" label="Thumbnail Cache Directory" description="Default thumbnail cache directory name which resides inside the source images directory" />
		<param name="thumb_cache_time" type="text" default="1440" label="Thumbnail Cache Time (min)" description="Period of time (minutes) until the thumbnail image is re-cached" />
		<param name="load_lightbox" type="radio" default="0" label="Load Lightbox" description="Load included lightbox JavaScript">
			<option value="0">No</option>
			<option value="1">Yes</option>
		</param>		
		<param name="rel" type="text" default="" label="Lightbox Rel Parameter" description="If set the custom rel parameter is used for the lightbox, Example lightbox[mygallery]" />
		<param name="moduleclass_sfx" type="text" default="-blank" label="Module Class Suffix" description="Module Class Suffix" />
	</params>
</mosinstall>
