<?xml version="1.0" encoding="utf-8"?>
<extension type="module" version="1.6" client="site" method="upgrade">
<name>Ignite Gallery Module v3.2.7</name>
<author>Matthew Thomson</author>
<creationDate>December 2011</creationDate>
<copyright>(C) 2011</copyright>
<authorUrl>www.ignitegallery.com</authorUrl>
<version>3.2.7</version>

<files>
    <filename module="mod_igallery">mod_igallery.php</filename>
</files>

<config>
<fields name="params">
	<fieldset name="basic">

	<field name="type" type="list" default="classic" label="Module Type" description="">
		<option value="category">Category</option>
        <option value="random">Random Images</option>
		<option value="latest">Latest Images</option>
		<option value="hits">Most Viewed</option>
		<option value="rated">Highest Rated</option>
	</field>

	<field name="@spacer" type="spacer" default="" label="" description="" />

	<field name="category_id" type="icategory" section="com_igallery" default="1" label="Category" description="" size="10" addfieldpath="administrator/components/com_igallery/models/fields"/>

	<field name="children" type="radio" default="1" label="Include Child Galleries" description="">
		<option value="0">No</option>
		<option value="1">Yes</option>
	</field>
	
	<field name="show_menu_images" type="radio" default="0" label="Show Menu Images" description="">
		<option value="0">No</option>
		<option value="1">Yes</option>
	</field>
	
	<field name="add_links" type="radio" default="0" label="Add Category Links To Images" description="">
		<option value="0">No</option>
		<option value="1">Yes</option>
	</field>

    <field name="profile_id" type="iprofile" default="" label="Profile" description="" size="10" />

    <field name="@spacer" type="spacer" default="" label="" description="" />

	<field name="tag" type="text" default="" label="Tags" description="" size="45" />

	<field name="photo_limit" type="text" default="0" label="Image Limit" description="" size="10" />

	<field name="@spacer" type="spacer" default="" label="" description="" />

    <field name="moduleclass_sfx" type="text" default="" label="Module Class Suffix" description="fieldMODULECLASSSUFFIX" />
</fieldset>
</fields>
</config>
</extension>