<?xml version="1.0" encoding="utf-8"?>
<install version="1.5" type="plugin" group="content">
	<name>YOOgallery</name>
	<author>YOOtheme</author>
	<creationDate>December 2010</creationDate>
	<copyright>Copyright (C) 2007 - 2010 YOOtheme GmbH</copyright>
	<license>http://www.gnu.org/copyleft/gpl.html GNU/GPL</license>
	<authorEmail>info@yootheme.com</authorEmail>
	<authorUrl>http://www.yootheme.com</authorUrl>
	<version>1.5.6</version>
	<description>YOOgallery plugin of the YOOtheme club (http://www.yootheme.com) for Joomla! 1.5. Syntax: {yoogallery src=[/images/stories/] width=[100]}
	</description>
	<files>
		<filename plugin="yoo_gallery">yoo_gallery.php</filename>
		<filename>yoo_gallery.xml</filename>
		<folder>yoo_gallery</folder>
	</files>
	<params>
		<param name="style" type="list" default="lightbox" label="Style" description="The YOOgallery style">
			<option value="lightbox">Lightbox</option>
			<option value="slideshow">Slideshow</option>
		</param>
		<param name="effect" type="list" default="fade" label="Slideshow Transition" description="Set the image transition effect (only for slideshow style)">
			<option value="fade">Fade</option>
			<option value="wipe">Wipe</option>
			<option value="slide">Slide</option>
			<option value="random">Random</option>
		</param>		
		<param name="thumb" type="list" default="default" label="Thumbnail Style" description="The thumbnail style">
			<option value="default">Default</option>
			<option value="polaroid">Polaroid</option>
			<option value="rounded">Rounded</option>
			<option value="cut">Cut</option>
			<option value="plain">Plain</option>
		</param>
		<param name="order" type="list" default="asc" label="Thumbnail Ordering" description="The thumbnail ordering">
			<option value="asc">Ascending</option>
			<option value="desc">Descending</option>
			<option value="random">Random</option>
		</param>		
		<param name="spotlight" type="radio" default="0" label="Thumbnail Spotlight" description="Thumbnail opacity will change on mouse hover">
			<option value="0">No</option>
			<option value="1">Yes</option>
		</param>		
		<param name="width" type="text" default="100" label="Thumbnail Width (px)" description="Default thumbnail width in pixel, used if no inline width/height param is set" />
		<param name="resize" type="radio" default="1" label="Thumbnail Resizing" description="If set the source image width/height are resized to match the thumbnail width/height">
			<option value="0">No</option>
			<option value="1">Yes</option>
		</param>
		<param name="prefix" type="text" default="thumb_" label="Thumbnail File Prefix" description="Default thumbnail file prefix" />
		<param name="thumb_cache_dir" type="text" default="thumbs" label="Thumbnail Cache Directory" description="Default thumbnail cache directory name which resides inside the source images directory" />
		<param name="thumb_cache_time" type="text" default="1440" label="Thumbnail Cache Time (min)" description="Period of time (minutes) until the thumbnail image is re-cached" />
		<param name="load_lightbox" type="radio" default="0" label="Load Lightbox" description="Load included lightbox JavaScript">
			<option value="0">No</option>
			<option value="1">Yes</option>
		</param>		
	</params>
</install>