<?xml version="1.0" encoding="utf-8"?>
<install type="module" version="1.5.0">
	<name>YOOgallery</name>
	<author>YOOtheme</author>
	<creationDate>December 2010</creationDate>
	<copyright>Copyright (C) 2007 - 2010 YOOtheme GmbH</copyright>
	<license>http://www.gnu.org/copyleft/gpl.html GNU/GPL</license>
	<authorEmail>info@yootheme.com</authorEmail>
	<authorUrl>http://www.yootheme.com</authorUrl>
	<version>1.5.7</version>
	<description>YOOgallery module of the YOOtheme club (http://www.yootheme.com) for Joomla! 1.5.</description>
	<files>
		<filename module="mod_yoo_gallery">mod_yoo_gallery.php</filename>
		<filename>mod_yoo_gallery.xml</filename>
		<filename>changelog.php</filename>
		<filename>index.html</filename>
		<folder>yoo_gallery</folder>
	</files>
	<params>
		<param name="src" type="text" default="/images/stories/fruit/" label="Source Directory" description="Image source directory as relative path to the Joomla directory" />
		<param name="style" type="list" default="lightbox" label="Style" description="The YOOgallery style">
			<option value="lightbox">Lightbox</option>
			<option value="slideshow">Slideshow</option>
		</param>
		<param name="effect" type="list" default="fade" label="Slideshow Transition" description="Set the image transition effect (only for slideshow style)">
			<option value="fade">Fade</option>
			<option value="wipe">Wipe</option>
			<option value="slide">Slide</option>
			<option value="random">Random</option>
		</param>
		<param name="thumb" type="list" default="default" label="Thumbnail Style" description="The thumbnail style">
			<option value="default">Default</option>
			<option value="polaroid">Polaroid</option>
			<option value="rounded">Rounded</option>
			<option value="cut">Cut</option>
			<option value="plain">Plain</option>
		</param>
		<param name="order" type="list" default="asc" label="Thumbnail Ordering" description="The thumbnail ordering">
			<option value="asc">Ascending</option>
			<option value="desc">Descending</option>
			<option value="random">Random</option>
		</param>
		<param name="spotlight" type="radio" default="0" label="Thumbnail Spotlight" description="Thumbnail opacity will change on mouse hover">
			<option value="0">No</option>
			<option value="1">Yes</option>
		</param>		
		<param name="width" type="text" default="100" label="Thumbnail Width (px)" description="Default thumbnail width in pixel (set to 0 to auto-calculate width)" />
		<param name="height" type="text" default="0" label="Thumbnail Height (px)" description="Default thumbnail height in pixel (set to 0 to auto-calculate height)" />
		<param name="resize" type="radio" default="1" label="Thumbnail Resizing" description="If set the source image width/height are resized to match the thumbnail width/height">
			<option value="0">No</option>
			<option value="1">Yes</option>
		</param>		
		<param name="count" type="text" default="0" label="Thumbnail Count" description="Limit the number of thumbnails to show, set it to 0 to show all thumbnails" />
		<param name="title" type="text" default="" label="Thumbnail Title" description="Thumbnail title will be used as default description in lightbox, instead of the filename" />
		<param name="prefix" type="text" default="thumb_" label="Thumbnail File Prefix" description="Default thumbnail file prefix" />
		<param name="thumb_cache_dir" type="text" default="thumbs" label="Thumbnail Cache Directory" description="Default thumbnail cache directory name which resides inside the source images directory" />
		<param name="thumb_cache_time" type="text" default="1440" label="Thumbnail Cache Time (min)" description="Period of time (minutes) until the thumbnail image is re-cached" />
		<param name="load_lightbox" type="radio" default="0" label="Load Lightbox" description="Load included lightbox JavaScript">
			<option value="0">No</option>
			<option value="1">Yes</option>
		</param>		
		<param name="rel" type="text" default="" label="Lightbox Rel Parameter" description="If set the custom rel parameter is used for the lightbox, Example lightbox[mygallery]" />
		<param name="moduleclass_sfx" type="text" default="-blank" label="Module Class Suffix" description="Module Class Suffix" />
	</params>
	<params group="advanced">
		<param name="cache" type="list" default="0" label="Caching" description="Select whether to cache the content of this module">
			<option value="1">Use global</option>
			<option value="0">No caching</option>
		</param>
		<param name="cache_time" type="text" default="900" label="Cache Time" description="The time before the module is recached" />
	</params>
</install>