<?xml version="1.0" encoding="utf-8"?>
<extension version="1.6" type="plugin" group="system" method="upgrade">
<name>System - Ignite Gallery Image Inserter 3.2</name>
<creationDate>June 2011</creationDate>
<author>Matthew Thomson</author>
<copyright>Copyright (C) 2010 Matthew Thomson. All rights reserved.</copyright>
<license>http://www.gnu.org/licenses/gpl-2.0.html GNU/GPL</license>
<version>3.2</version>
<description>Puts Images Into Search Results</description>
<files>
   <filename plugin="igallery_img_inserter">igallery_img_inserter.php</filename>
</files>

</extension>


